INSERT INTO auth_permission(id, content_type_id, codename, name) VALUES (1, 1, 'add_user', 'Can add user')
GO
INSERT INTO auth_permission(id, content_type_id, codename, name) VALUES (2, 1, 'change_user', 'Can change user')
GO
INSERT INTO auth_permission(id, content_type_id, codename, name) VALUES (3, 1, 'delete_user', 'Can delete user')
GO
INSERT INTO auth_permission(id, content_type_id, codename, name) VALUES (4, 1, 'view_user', 'Can view user')
GO
INSERT INTO auth_permission(id, content_type_id, codename, name) VALUES (5, 2, 'add_course', 'Can add course')
GO
INSERT INTO auth_permission(id, content_type_id, codename, name) VALUES (6, 2, 'change_course', 'Can change course')
GO
INSERT INTO auth_permission(id, content_type_id, codename, name) VALUES (7, 2, 'delete_course', 'Can delete course')
GO
INSERT INTO auth_permission(id, content_type_id, codename, name) VALUES (8, 2, 'view_course', 'Can view course')
GO
INSERT INTO auth_permission(id, content_type_id, codename, name) VALUES (9, 3, 'add_courseadd', 'Can add course add')
GO
INSERT INTO auth_permission(id, content_type_id, codename, name) VALUES (10, 3, 'change_courseadd', 'Can change course add')
GO
INSERT INTO auth_permission(id, content_type_id, codename, name) VALUES (11, 3, 'delete_courseadd', 'Can delete course add')
GO
INSERT INTO auth_permission(id, content_type_id, codename, name) VALUES (12, 3, 'view_courseadd', 'Can view course add')
GO
INSERT INTO auth_permission(id, content_type_id, codename, name) VALUES (13, 4, 'add_order', 'Can add order')
GO
INSERT INTO auth_permission(id, content_type_id, codename, name) VALUES (14, 4, 'change_order', 'Can change order')
GO
INSERT INTO auth_permission(id, content_type_id, codename, name) VALUES (15, 4, 'delete_order', 'Can delete order')
GO
INSERT INTO auth_permission(id, content_type_id, codename, name) VALUES (16, 4, 'view_order', 'Can view order')
GO
INSERT INTO auth_permission(id, content_type_id, codename, name) VALUES (17, 5, 'add_orderitem', 'Can add order item')
GO
INSERT INTO auth_permission(id, content_type_id, codename, name) VALUES (18, 5, 'change_orderitem', 'Can change order item')
GO
INSERT INTO auth_permission(id, content_type_id, codename, name) VALUES (19, 5, 'delete_orderitem', 'Can delete order item')
GO
INSERT INTO auth_permission(id, content_type_id, codename, name) VALUES (20, 5, 'view_orderitem', 'Can view order item')
GO
INSERT INTO auth_permission(id, content_type_id, codename, name) VALUES (21, 6, 'add_ordersubitem', 'Can add order subitem')
GO
INSERT INTO auth_permission(id, content_type_id, codename, name) VALUES (22, 6, 'change_ordersubitem', 'Can change order subitem')
GO
INSERT INTO auth_permission(id, content_type_id, codename, name) VALUES (23, 6, 'delete_ordersubitem', 'Can delete order subitem')
GO
INSERT INTO auth_permission(id, content_type_id, codename, name) VALUES (24, 6, 'view_ordersubitem', 'Can view order subitem')
GO
INSERT INTO auth_permission(id, content_type_id, codename, name) VALUES (25, 7, 'add_coursecategory', 'Can add course category')
GO
INSERT INTO auth_permission(id, content_type_id, codename, name) VALUES (26, 7, 'change_coursecategory', 'Can change course category')
GO
INSERT INTO auth_permission(id, content_type_id, codename, name) VALUES (27, 7, 'delete_coursecategory', 'Can delete course category')
GO
INSERT INTO auth_permission(id, content_type_id, codename, name) VALUES (28, 7, 'view_coursecategory', 'Can view course category')
GO
INSERT INTO auth_permission(id, content_type_id, codename, name) VALUES (29, 8, 'add_courseprovider', 'Can add course provider')
GO
INSERT INTO auth_permission(id, content_type_id, codename, name) VALUES (30, 8, 'change_courseprovider', 'Can change course provider')
GO
INSERT INTO auth_permission(id, content_type_id, codename, name) VALUES (31, 8, 'delete_courseprovider', 'Can delete course provider')
GO
INSERT INTO auth_permission(id, content_type_id, codename, name) VALUES (32, 8, 'view_courseprovider', 'Can view course provider')
GO
INSERT INTO auth_permission(id, content_type_id, codename, name) VALUES (33, 9, 'add_coursereviews', 'Can add course reviews')
GO
INSERT INTO auth_permission(id, content_type_id, codename, name) VALUES (34, 9, 'change_coursereviews', 'Can change course reviews')
GO
INSERT INTO auth_permission(id, content_type_id, codename, name) VALUES (35, 9, 'delete_coursereviews', 'Can delete course reviews')
GO
INSERT INTO auth_permission(id, content_type_id, codename, name) VALUES (36, 9, 'view_coursereviews', 'Can view course reviews')
GO
INSERT INTO auth_permission(id, content_type_id, codename, name) VALUES (37, 10, 'add_logentry', 'Can add log entry')
GO
INSERT INTO auth_permission(id, content_type_id, codename, name) VALUES (38, 10, 'change_logentry', 'Can change log entry')
GO
INSERT INTO auth_permission(id, content_type_id, codename, name) VALUES (39, 10, 'delete_logentry', 'Can delete log entry')
GO
INSERT INTO auth_permission(id, content_type_id, codename, name) VALUES (40, 10, 'view_logentry', 'Can view log entry')
GO
INSERT INTO auth_permission(id, content_type_id, codename, name) VALUES (41, 11, 'add_permission', 'Can add permission')
GO
INSERT INTO auth_permission(id, content_type_id, codename, name) VALUES (42, 11, 'change_permission', 'Can change permission')
GO
INSERT INTO auth_permission(id, content_type_id, codename, name) VALUES (43, 11, 'delete_permission', 'Can delete permission')
GO
INSERT INTO auth_permission(id, content_type_id, codename, name) VALUES (44, 11, 'view_permission', 'Can view permission')
GO
INSERT INTO auth_permission(id, content_type_id, codename, name) VALUES (45, 12, 'add_group', 'Can add group')
GO
INSERT INTO auth_permission(id, content_type_id, codename, name) VALUES (46, 12, 'change_group', 'Can change group')
GO
INSERT INTO auth_permission(id, content_type_id, codename, name) VALUES (47, 12, 'delete_group', 'Can delete group')
GO
INSERT INTO auth_permission(id, content_type_id, codename, name) VALUES (48, 12, 'view_group', 'Can view group')
GO
INSERT INTO auth_permission(id, content_type_id, codename, name) VALUES (49, 13, 'add_contenttype', 'Can add content type')
GO
INSERT INTO auth_permission(id, content_type_id, codename, name) VALUES (50, 13, 'change_contenttype', 'Can change content type')
GO
INSERT INTO auth_permission(id, content_type_id, codename, name) VALUES (51, 13, 'delete_contenttype', 'Can delete content type')
GO
INSERT INTO auth_permission(id, content_type_id, codename, name) VALUES (52, 13, 'view_contenttype', 'Can view content type')
GO
INSERT INTO auth_permission(id, content_type_id, codename, name) VALUES (53, 14, 'add_session', 'Can add session')
GO
INSERT INTO auth_permission(id, content_type_id, codename, name) VALUES (54, 14, 'change_session', 'Can change session')
GO
INSERT INTO auth_permission(id, content_type_id, codename, name) VALUES (55, 14, 'delete_session', 'Can delete session')
GO
INSERT INTO auth_permission(id, content_type_id, codename, name) VALUES (56, 14, 'view_session', 'Can view session')
GO
INSERT INTO courses_course(id, name, description, image, price, maxFreeAdds, active, provider_id, avgRating) VALUES (1, 'Marionets', 'Marionets', 'marionet.jpg', 2.0, 0, '1', 1, 0.0)
GO
INSERT INTO courses_coursecategory(id, name) VALUES (1, 'Arts')
GO
INSERT INTO courses_coursecategory_courses(id, coursecategory_id, course_id) VALUES (1, 1, 1)
GO
INSERT INTO courses_courseprovider(id, name, active) VALUES (1, 'Seneca', '1')
GO
INSERT INTO courses_courseprovider(id, name, active) VALUES (2, 'Olimpus', '1')
GO
INSERT INTO courses_user(id, password, last_login, is_superuser, username, last_name, email, is_staff, is_active, date_joined, first_name) VALUES (1, 'pbkdf2_sha256$720000$9EmCVwk3dUUJdFqc9n5lng$E+kz0DW+4NyN/TnTAM26MqiyxLPQ6wJy/w7xuV5UxXs=', '2023-12-16 22:30:10.284032', '1', 'admin', '', 'a@a.com', '1', '1', '2023-12-16 22:27:01.639224', '')
GO
INSERT INTO courses_user(id, password, last_login, is_superuser, username, last_name, email, is_staff, is_active, date_joined, first_name) VALUES (2, 'a', null, '0', 'a', 'a', 'a@a.com', '0', '1', '2023-12-16 22:31:05', 'a')
GO
INSERT INTO django_admin_log(id, object_id, object_repr, action_flag, change_message, content_type_id, user_id, action_time) VALUES (1, '1', 'Seneca', '1', '[{"added": {}}]', 8, 1, '2023-12-16 22:28:19.303476')
GO
INSERT INTO django_admin_log(id, object_id, object_repr, action_flag, change_message, content_type_id, user_id, action_time) VALUES (2, '2', 'Olimpus', '1', '[{"added": {}}]', 8, 1, '2023-12-16 22:28:27.686961')
GO
INSERT INTO django_admin_log(id, object_id, object_repr, action_flag, change_message, content_type_id, user_id, action_time) VALUES (3, '1', 'Arts', '1', '[{"added": {}}]', 7, 1, '2023-12-16 22:28:49.882957')
GO
INSERT INTO django_admin_log(id, object_id, object_repr, action_flag, change_message, content_type_id, user_id, action_time) VALUES (4, '1', '[Marionets] maxFreeAddsfree(0) ($2.0) active[True]', '1', '[{"added": {}}]', 2, 1, '2023-12-16 22:29:24.031646')
GO
INSERT INTO django_admin_log(id, object_id, object_repr, action_flag, change_message, content_type_id, user_id, action_time) VALUES (5, '1', 'Arts', '2', '[{"changed": {"fields": ["Courses"]}}]', 7, 1, '2023-12-16 22:29:34.693191')
GO
INSERT INTO django_admin_log(id, object_id, object_repr, action_flag, change_message, content_type_id, user_id, action_time) VALUES (6, '2', 'a (a@a.com)', '1', '[{"added": {}}]', 1, 1, '2023-12-16 22:31:27.294692')
GO
INSERT INTO django_content_type(id, app_label, model) VALUES (1, 'courses', 'user')
GO
INSERT INTO django_content_type(id, app_label, model) VALUES (2, 'courses', 'course')
GO
INSERT INTO django_content_type(id, app_label, model) VALUES (3, 'courses', 'courseadd')
GO
INSERT INTO django_content_type(id, app_label, model) VALUES (4, 'courses', 'order')
GO
INSERT INTO django_content_type(id, app_label, model) VALUES (5, 'courses', 'orderitem')
GO
INSERT INTO django_content_type(id, app_label, model) VALUES (6, 'courses', 'ordersubitem')
GO
INSERT INTO django_content_type(id, app_label, model) VALUES (7, 'courses', 'coursecategory')
GO
INSERT INTO django_content_type(id, app_label, model) VALUES (8, 'courses', 'courseprovider')
GO
INSERT INTO django_content_type(id, app_label, model) VALUES (9, 'courses', 'coursereviews')
GO
INSERT INTO django_content_type(id, app_label, model) VALUES (10, 'admin', 'logentry')
GO
INSERT INTO django_content_type(id, app_label, model) VALUES (11, 'auth', 'permission')
GO
INSERT INTO django_content_type(id, app_label, model) VALUES (12, 'auth', 'group')
GO
INSERT INTO django_content_type(id, app_label, model) VALUES (13, 'contenttypes', 'contenttype')
GO
INSERT INTO django_content_type(id, app_label, model) VALUES (14, 'sessions', 'session')
GO
INSERT INTO django_migrations(id, app, name, applied) VALUES (1, 'contenttypes', '0001_initial', '2023-12-16 22:01:53.096370')
GO
INSERT INTO django_migrations(id, app, name, applied) VALUES (2, 'contenttypes', '0002_remove_content_type_name', '2023-12-16 22:01:53.099977')
GO
INSERT INTO django_migrations(id, app, name, applied) VALUES (3, 'auth', '0001_initial', '2023-12-16 22:01:53.105526')
GO
INSERT INTO django_migrations(id, app, name, applied) VALUES (4, 'auth', '0002_alter_permission_name_max_length', '2023-12-16 22:01:53.108939')
GO
INSERT INTO django_migrations(id, app, name, applied) VALUES (5, 'auth', '0003_alter_user_email_max_length', '2023-12-16 22:01:53.111300')
GO
INSERT INTO django_migrations(id, app, name, applied) VALUES (6, 'auth', '0004_alter_user_username_opts', '2023-12-16 22:01:53.114116')
GO
INSERT INTO django_migrations(id, app, name, applied) VALUES (7, 'auth', '0005_alter_user_last_login_null', '2023-12-16 22:01:53.116752')
GO
INSERT INTO django_migrations(id, app, name, applied) VALUES (8, 'auth', '0006_require_contenttypes_0002', '2023-12-16 22:01:53.117507')
GO
INSERT INTO django_migrations(id, app, name, applied) VALUES (9, 'auth', '0007_alter_validators_add_error_messages', '2023-12-16 22:01:53.120098')
GO
INSERT INTO django_migrations(id, app, name, applied) VALUES (10, 'auth', '0008_alter_user_username_max_length', '2023-12-16 22:01:53.122592')
GO
INSERT INTO django_migrations(id, app, name, applied) VALUES (11, 'auth', '0009_alter_user_last_name_max_length', '2023-12-16 22:01:53.124984')
GO
INSERT INTO django_migrations(id, app, name, applied) VALUES (12, 'auth', '0010_alter_group_name_max_length', '2023-12-16 22:01:53.128087')
GO
INSERT INTO django_migrations(id, app, name, applied) VALUES (13, 'auth', '0011_update_proxy_permissions', '2023-12-16 22:01:53.131452')
GO
INSERT INTO django_migrations(id, app, name, applied) VALUES (14, 'courses', '0001_initial', '2023-12-16 22:01:53.153801')
GO
INSERT INTO django_migrations(id, app, name, applied) VALUES (15, 'admin', '0001_initial', '2023-12-16 22:01:53.161343')
GO
INSERT INTO django_migrations(id, app, name, applied) VALUES (16, 'admin', '0002_logentry_remove_auto_add', '2023-12-16 22:01:53.168800')
GO
INSERT INTO django_migrations(id, app, name, applied) VALUES (17, 'admin', '0003_logentry_add_action_flag_choices', '2023-12-16 22:01:53.173065')
GO
INSERT INTO django_migrations(id, app, name, applied) VALUES (18, 'auth', '0012_alter_user_first_name_max_length', '2023-12-16 22:01:53.177009')
GO
INSERT INTO django_migrations(id, app, name, applied) VALUES (19, 'courses', '0002_auto_20200802_2140', '2023-12-16 22:01:53.185632')
GO
INSERT INTO django_migrations(id, app, name, applied) VALUES (20, 'courses', '0003_auto_20200802_2144', '2023-12-16 22:01:53.202041')
GO
INSERT INTO django_migrations(id, app, name, applied) VALUES (21, 'courses', '0004_auto_20200802_2150', '2023-12-16 22:01:53.223053')
GO
INSERT INTO django_migrations(id, app, name, applied) VALUES (22, 'courses', '0005_auto_20200802_2156', '2023-12-16 22:01:53.242949')
GO
INSERT INTO django_migrations(id, app, name, applied) VALUES (23, 'courses', '0006_auto_20200806_0032', '2023-12-16 22:01:53.248906')
GO
INSERT INTO django_migrations(id, app, name, applied) VALUES (24, 'courses', '0007_auto_20200806_0426', '2023-12-16 22:01:53.276613')
GO
INSERT INTO django_migrations(id, app, name, applied) VALUES (25, 'courses', '0008_auto_20200806_0428', '2023-12-16 22:01:53.285085')
GO
INSERT INTO django_migrations(id, app, name, applied) VALUES (26, 'courses', '0009_auto_20200807_0336', '2023-12-16 22:01:53.290221')
GO
INSERT INTO django_migrations(id, app, name, applied) VALUES (27, 'courses', '0010_coursereviews', '2023-12-16 22:01:53.298942')
GO
INSERT INTO django_migrations(id, app, name, applied) VALUES (28, 'courses', '0011_auto_20200811_0259', '2023-12-16 22:01:53.307057')
GO
INSERT INTO django_migrations(id, app, name, applied) VALUES (29, 'courses', '0012_auto_20200811_0315', '2023-12-16 22:01:53.315163')
GO
INSERT INTO django_migrations(id, app, name, applied) VALUES (30, 'courses', '0013_course_avgrating', '2023-12-16 22:01:53.320728')
GO
INSERT INTO django_migrations(id, app, name, applied) VALUES (31, 'courses', '0014_alter_user_first_name', '2023-12-16 22:01:53.326875')
GO
INSERT INTO django_migrations(id, app, name, applied) VALUES (32, 'sessions', '0001_initial', '2023-12-16 22:01:53.329037')
GO
INSERT INTO django_session(session_key, session_data, expire_date) VALUES ('w96s21xhxhpfzkg9xrvfs6af96tnvyzo', '.eJxVjDsOwjAQBe_iGlle_0NJnzNYa3uNA8iR4qRC3J1ESgHtzLz3ZgG3tYat0xKmzK4M2OWXRUxPaofID2z3mae5rcsU-ZHw03Y-zplet7P9O6jY674uqImEycJLS0Ur0AYgyjJk1KCKd1KAAxA7kF55a7EYhUjoXC44JPb5AtWMN8o:1rEdAg:FRpXzldUE75W2p-NfHFXwbkjZcUbNMIG6u1ICMfeM_I', '2023-12-30 22:30:10.285091')
GO
